state,county,state_fips,zip_code
AK,Aleutians East,02,99553
AK,Aleutians West,02,99546
AK,Anchorage,02,99501
AK,Bethel,02,99551
AK,Bristol Bay,02,99633
AK,Denali,02,99743
AK,Dillingham,02,99555
AK,Fairbanks North Star,02,99702
AK,Hoonah-Angoon,02,99820
AK,Juneau,02,99801
AK,Kenai Peninsula,02,99556
AK,Kodiak Island,02,99550
AK,Lake and Peninsula,02,99548
AK,Matanuska-Susitna,02,99645
AK,Nome,02,99659
AK,North Slope,02,99510
AK,Northwest Arctic,02,99751
AK,Petersburg,02,99830
AK,Prince of Wales-Hyder,02,99918
AK,Sitka,02,99835
AK,Skagway,02,99840
AK,Southeast Fairbanks,02,99706
AK,Valdez-Cordova,02,99566
AK,Wade Hampton,02,99554
AK,Yakutat,02,99689
AK,Yukon-Koyukuk,02,99558
AL,Baldwin,01,36507
AL,Barbour,01,36016
AL,Bibb,01,35042
AL,Blount,01,35049
AL,Butler,01,36030
AL,Calhoun,01,36201
AL,Chambers,01,36855
AL,Cherokee,01,30165
AL,Chilton,01,35045
AL,Choctaw,01,36908
AL,Clarke,01,36436
AL,Clay,01,35082
AL,Cleburne,01,36262
AL,Coffee,01,36351
AL,Colbert,01,38852
AL,Conecuh,01,36473
AL,Coosa,01,35183
AL,Covington,01,36038
AL,Crenshaw,01,36041
AL,Cullman,01,35057
AL,Dale,01,36362
AL,Dallas,01,36767
AL,DeKalb,01,35963
AL,Elmore,01,36024
AL,Escambia,01,36441
AL,Etowah,01,35904
AL,Fayette,01,35542
AL,Franklin,01,35582
AL,Geneva,01,36314
AL,Henry,01,36310
AL,Houston,01,36312
AL,Jackson,01,35740
AL,Jefferson,01,35005
AL,Lamar,01,35544
AL,Lauderdale,01,35630
AL,Lawrence,01,35618
AL,Lee,01,36877
AL,Limestone,01,35613
AL,Lowndes,01,36040
AL,Macon,01,36031
AL,Madison,01,35741
AL,Marengo,01,36748
AL,Marion,01,35543
AL,Marshall,01,35950
AL,Mobile,01,36505
AL,Monroe,01,36444
AL,Montgomery,01,36105
AL,Morgan,01,35640
AL,Pickens,01,35447
AL,Randolph,01,36263
AL,Russell,01,36856
AL,Shelby,01,35007
AL,St. Clair,01,35004
AL,Sumter,01,35459
AL,Talladega,01,35149
AL,Tallapoosa,01,36861
AL,Tuscaloosa,01,35401
AL,Walker,01,35501
AL,Washington,01,36518
AL,Wilcox,01,36435
AL,Winston,01,35553
AR,Arkansas,05,72003
AR,Ashley,05,71658
AR,Baxter,05,72537
AR,Benton,05,72712
AR,Boone,05,72630
AR,Calhoun,05,71711
AR,Carroll,05,72616
AR,Chicot,05,71640
AR,Clay,05,72422
AR,Cleburne,05,72130
AR,Cleveland,05,71665
AR,Columbia,05,71740
AR,Conway,05,72027
AR,Craighead,05,72414
AR,Crawford,05,72932
AR,Crittenden,05,72301
AR,Cross,05,72373
AR,Desha,05,38769
AR,Drew,05,71677
AR,Faulkner,05,72032
AR,Franklin,05,72930
AR,Fulton,05,72520
AR,Garland,05,71949
AR,Grant,05,72128
AR,Greene,05,72443
AR,Hempstead,05,71801
AR,Hot Spring,05,71929
AR,Independence,05,72165
AR,Izard,05,72512
AR,Jackson,05,72005
AR,Jefferson,05,71601
AR,Johnson,05,72832
AR,Lawrence,05,72410
AR,Lee,05,72320
AR,Little River,05,71836
AR,Logan,05,72851
AR,Lonoke,05,72083
AR,Madison,05,72721
AR,Marion,05,65729
AR,Miller,05,71834
AR,Mississippi,05,72315
AR,Monroe,05,72029
AR,Montgomery,05,71935
AR,Nevada,05,71722
AR,Newton,05,72640
AR,Phillips,05,72333
AR,Pike,05,71950
AR,Poinsett,05,72365
AR,Polk,05,71937
AR,Pope,05,72801
AR,Prairie,05,72041
AR,Pulaski,05,72114
AR,Randolph,05,72449
AR,Saline,05,72019
AR,Scott,05,72841
AR,Searcy,05,72639
AR,Sebastian,05,72901
AR,Sharp,05,72482
AR,St. Francis,05,72340
AR,Stone,05,72051
AR,Union,05,71724
AR,Van Buren,05,72141
AR,Washington,05,72717
AR,White,05,72010
AR,Woodruff,05,72059
AR,Yell,05,72824
AZ,Apache,04,84531
AZ,Cochise,04,85603
AZ,Coconino,04,86001
AZ,Gila,04,85501
AZ,Graham,04,85531
AZ,Greenlee,04,85540
AZ,La Paz,04,85325
AZ,Maricopa,04,85003
AZ,Mohave,04,85360
AZ,Navajo,04,84536
AZ,Pima,04,85341
AZ,Pinal,04,85118
AZ,Santa Cruz,04,85621
AZ,Yavapai,04,85332
AZ,Yuma,04,85336
CA,Alameda,06,94501
CA,Amador,06,95601
CA,Butte,06,95926
CA,Calaveras,06,95225
CA,Colusa,06,95912
CA,Contra Costa,06,94506
CA,Del Norte,06,95531
CA,El Dorado,06,95614
CA,Fresno,06,93234
CA,Glenn,06,95939
CA,Humboldt,06,95501
CA,Imperial,06,92222
CA,Inyo,06,89060
CA,Kern,06,93203
CA,Kings,06,93230
CA,Lake,06,95422
CA,Lassen,06,96009
CA,Los Angeles,06,90001
CA,Madera,06,93604
CA,Marin,06,94901
CA,Mariposa,06,95318
CA,Mendocino,06,95410
CA,Merced,06,93635
CA,Modoc,06,96015
CA,Mono,06,93512
CA,Monterey,06,93901
CA,Napa,06,94508
CA,Nevada,06,95975
CA,Orange,06,90620
CA,Placer,06,95604
CA,Plumas,06,95915
CA,Riverside,06,91752
CA,Sacramento,06,95608
CA,San Benito,06,95075
CA,San Bernardino,06,91701
CA,San Diego,06,91901
CA,San Francisco,06,94102
CA,San Joaquin,06,95202
CA,San Luis Obispo,06,93401
CA,San Mateo,06,94002
CA,Santa Barbara,06,93067
CA,Santa Clara,06,94024
CA,Santa Cruz,06,95003
CA,Shasta,06,96001
CA,Sierra,06,89439
CA,Siskiyou,06,95568
CA,Solano,06,94512
CA,Sonoma,06,94928
CA,Stanislaus,06,95307
CA,Sutter,06,95659
CA,Tehama,06,96021
CA,Trinity,06,95595
CA,Tulare,06,93207
CA,Tuolumne,06,95314
CA,Ventura,06,91320
CA,Yolo,06,95627
CA,Yuba,06,95903
CO,Adams,08,80030
CO,Arapahoe,08,80012
CO,Archuleta,08,81121
CO,Baca,08,81029
CO,Bent,08,81044
CO,Boulder,08,80025
CO,Clear Creek,08,80436
CO,Conejos,08,81120
CO,Costilla,08,81126
CO,Delta,08,81410
CO,Denver,08,80202
CO,Dolores,08,81320
CO,Douglas,08,80104
CO,Eagle,08,81620
CO,El Paso,08,80840
CO,Elbert,08,80101
CO,Fremont,08,81221
CO,Garfield,08,81601
CO,Grand,08,80442
CO,Gunnison,08,81224
CO,Hinsdale,08,81235
CO,Jackson,08,80434
CO,Jefferson,08,80004
CO,Kiowa,08,81021
CO,Kit Carson,08,80805
CO,La Plata,08,81303
CO,Larimer,08,80512
CO,Las Animas,08,81020
CO,Lincoln,08,80804
CO,Logan,08,80726
CO,Mesa,08,81501
CO,Moffat,08,81610
CO,Montezuma,08,81321
CO,Montrose,08,81401
CO,Morgan,08,80653
CO,Park,08,80432
CO,Phillips,08,80721
CO,Pitkin,08,81612
CO,Prowers,08,81041
CO,Pueblo,08,81001
CO,Rio Blanco,08,81648
CO,Routt,08,80469
CO,Saguache,08,81143
CO,San Juan,08,81433
CO,San Miguel,08,81426
CO,Sedgwick,08,80749
CO,Teller,08,80814
CO,Washington,08,80720
CO,Weld,08,80514
CO,Yuma,08,80727
CT,Fairfield,09,06604
CT,Hartford,09,06001
CT,Litchfield,09,06018
CT,Middlesex,09,06409
CT,New Haven,09,06401
CT,New London,09,06254
CT,Tolland,09,06029
CT,Windham,09,06234
DE,Kent,10,19901
DE,New Castle,10,19701
DE,Sussex,10,19930
FL,Alachua,12,32601
FL,Baker,12,32063
FL,Bay,12,32401
FL,Bradford,12,32026
FL,Brevard,12,32796
FL,Broward,12,33004
FL,Calhoun,12,32430
FL,Charlotte,12,33946
FL,Citrus,12,34429
FL,Clay,12,32068
FL,Collier,12,34101
FL,Dixie,12,32628
FL,Duval,12,32202
FL,Escambia,12,32501
FL,Flagler,12,32164
FL,Franklin,12,32323
FL,Gadsden,12,32330
FL,Glades,12,33944
FL,Hardee,12,33873
FL,Hendry,12,33930
FL,Hernando,12,34606
FL,Highlands,12,33852
FL,Hillsborough,12,33503
FL,Indian River,12,32960
FL,Jackson,12,32423
FL,Lake,12,32726
FL,Lee,12,33901
FL,Leon,12,32301
FL,Levy,12,32621
FL,Madison,12,32340
FL,Manatee,12,34201
FL,Marion,12,32179
FL,Martin,12,33455
FL,Miami-Dade,12,33010
FL,Monroe,12,33001
FL,Nassau,12,32046
FL,Okaloosa,12,32536
FL,Orange,12,32798
FL,Osceola,12,33848
FL,Palm Beach,12,33401
FL,Pasco,12,33525
FL,Pinellas,12,33701
FL,Polk,12,33801
FL,Putnam,12,32131
FL,Santa Rosa,12,32563
FL,Sarasota,12,34229
FL,Seminole,12,32701
FL,St. Johns,12,32033
FL,St. Lucie,12,34946
FL,Sumter,12,33521
FL,Suwannee,12,32062
FL,Taylor,12,32347
FL,Volusia,12,32114
FL,Wakulla,12,32355
FL,Walton,12,32433
FL,Washington,12,32428
GA,Banks,13,30547
GA,Bartow,13,30120
GA,Bibb,13,31201
GA,Brooks,13,31629
GA,Bulloch,13,30450
GA,Burke,13,30830
GA,Butts,13,30216
GA,Calhoun,13,39866
GA,Camden,13,31547
GA,Carroll,13,30117
GA,Catoosa,13,30742
GA,Charlton,13,31562
GA,Chatham,13,31322
GA,Chattooga,13,30730
GA,Cherokee,13,30114
GA,Clayton,13,30260
GA,Clinch,13,31634
GA,Cobb,13,30008
GA,Coffee,13,31533
GA,Colquitt,13,31768
GA,Columbia,13,30809
GA,Coweta,13,30265
GA,Crawford,13,31050
GA,Crisp,13,31712
GA,Dade,13,30752
GA,DeKalb,13,30002
GA,Decatur,13,39815
GA,Dooly,13,31051
GA,Douglas,13,30122
GA,Echols,13,31648
GA,Effingham,13,31303
GA,Emanuel,13,30401
GA,Fannin,13,30541
GA,Floyd,13,30124
GA,Fulton,13,30009
GA,Gilmer,13,30540
GA,Glynn,13,31520
GA,Grady,13,39827
GA,Greene,13,30665
GA,Gwinnett,13,30017
GA,Habersham,13,30563
GA,Hall,13,30501
GA,Haralson,13,30176
GA,Harris,13,31807
GA,Hart,13,30516
GA,Henry,13,30253
GA,Houston,13,31025
GA,Irwin,13,31774
GA,Jasper,13,31085
GA,Jefferson,13,30833
GA,Laurens,13,31009
GA,Liberty,13,31314
GA,Lowndes,13,31605
GA,Macon,13,31068
GA,McIntosh,13,31305
GA,Meriwether,13,30222
GA,Mitchell,13,31784
GA,Montgomery,13,30410
GA,Morgan,13,30623
GA,Murray,13,30708
GA,Muscogee,13,31901
GA,Oglethorpe,13,30630
GA,Paulding,13,30132
GA,Pickens,13,30177
GA,Rabun,13,30525
GA,Richmond,13,30901
GA,Screven,13,30449
GA,Stewart,13,31814
GA,Taylor,13,31039
GA,Terrell,13,39826
GA,Thomas,13,31757
GA,Tift,13,31793
GA,Troup,13,30240
GA,Walker,13,30725
GA,Ware,13,31501
GA,Warren,13,30807
GA,Washington,13,31035
GA,Wayne,13,31560
GA,Webster,13,31824
GA,Whitfield,13,30720
GA,Wilkinson,13,31003
GA,Worth,13,31781
HI,Hawaii,15,96704
HI,Honolulu,15,96701
HI,Kauai,15,96703
HI,Maui,15,96708
IA,Adair,19,50846
IA,Allamakee,19,52146
IA,Appanoose,19,52544
IA,Audubon,19,50025
IA,Benton,19,52206
IA,Black Hawk,19,50626
IA,Boone,19,50036
IA,Bremer,19,50622
IA,Buchanan,19,50644
IA,Buena Vista,19,50565
IA,Butler,19,50602
IA,Calhoun,19,50551
IA,Carroll,19,51401
IA,Cass,19,50274
IA,Cedar,19,52255
IA,Cerro Gordo,19,50401
IA,Cherokee,19,51012
IA,Chickasaw,19,50659
IA,Clarke,19,50213
IA,Clay,19,51333
IA,Clayton,19,52043
IA,Clinton,19,52254
IA,Crawford,19,51439
IA,Dallas,19,50003
IA,Davis,19,52584
IA,Decatur,19,50065
IA,Delaware,19,52041
IA,Des Moines,19,52637
IA,Dickinson,19,51331
IA,Dubuque,19,52001
IA,Emmet,19,50531
IA,Fayette,19,50655
IA,Floyd,19,50435
IA,Franklin,19,50441
IA,Fremont,19,51639
IA,Greene,19,50064
IA,Grundy,19,50624
IA,Guthrie,19,50115
IA,Hamilton,19,50075
IA,Hancock,19,50423
IA,Hardin,19,50122
IA,Harrison,19,51546
IA,Howard,19,52134
IA,Humboldt,19,50545
IA,Iowa,19,52236
IA,Jackson,19,52074
IA,Jasper,19,50028
IA,Jefferson,19,52556
IA,Johnson,19,52240
IA,Jones,19,52212
IA,Keokuk,19,52231
IA,Kossuth,19,50451
IA,Lee,19,52619
IA,Linn,19,52202
IA,Louisa,19,52653
IA,Lyon,19,51230
IA,Madison,19,50222
IA,Mahaska,19,50027
IA,Marion,19,50057
IA,Marshall,19,50005
IA,Mills,19,51534
IA,Mitchell,19,50454
IA,Monona,19,51010
IA,Monroe,19,50150
IA,Montgomery,19,51573
IA,Muscatine,19,52749
IA,O'Brien,19,51231
IA,Osceola,19,51249
IA,Page,19,51630
IA,Palo Alto,19,50527
IA,Plymouth,19,51024
IA,Pocahontas,19,50546
IA,Polk,19,50007
IA,Pottawattamie,19,51501
IA,Poweshiek,19,50157
IA,Ringgold,19,50835
IA,Sac,19,50535
IA,Scott,19,52722
IA,Shelby,19,51446
IA,Sioux,19,51003
IA,Story,19,50010
IA,Tama,19,50173
IA,Taylor,19,50833
IA,Union,19,50254
IA,Van Buren,19,52542
IA,Wapello,19,52501
IA,Warren,19,50001
IA,Washington,19,52201
IA,Wayne,19,50008
IA,Webster,19,50501
IA,Winnebago,19,50453
IA,Winneshiek,19,52165
IA,Woodbury,19,51004
IA,Worth,19,50448
IA,Wright,19,50101
ID,Ada,16,83642
ID,Adams,16,83612
ID,Bannock,16,83201
ID,Bear Lake,16,83220
ID,Benewah,16,83851
ID,Bingham,16,83203
ID,Blaine,16,83313
ID,Boise,16,83602
ID,Bonner,16,83804
ID,Bonneville,16,83401
ID,Boundary,16,83805
ID,Butte,16,83213
ID,Camas,16,83322
ID,Canyon,16,83605
ID,Caribou,16,83111
ID,Cassia,16,83311
ID,Clark,16,83423
ID,Clearwater,16,83520
ID,Custer,16,83227
ID,Elmore,16,83623
ID,Franklin,16,83232
ID,Fremont,16,83421
ID,Gem,16,83617
ID,Gooding,16,83330
ID,Idaho,16,59847
ID,Jefferson,16,83425
ID,Kootenai,16,83814
ID,Latah,16,83806
ID,Lemhi,16,83462
ID,Lincoln,16,83324
ID,Nez Perce,16,83501
ID,Oneida,16,83243
ID,Owyhee,16,83604
ID,Payette,16,83619
ID,Power,16,83271
ID,Shoshone,16,83808
ID,Teton,16,83422
ID,Twin Falls,16,83321
ID,Valley,16,83611
ID,Washington,16,83610
IL,Adams,17,62301
IL,Alexander,17,62962
IL,Bond,17,62246
IL,Boone,17,61008
IL,Bureau,17,61312
IL,Calhoun,17,62006
IL,Carroll,17,61046
IL,Cass,17,62622
IL,Champaign,17,61801
IL,Christian,17,62517
IL,Clark,17,62477
IL,Clay,17,62839
IL,Clinton,17,62215
IL,Coles,17,61931
IL,Cook,17,60004
IL,Crawford,17,62433
IL,Cumberland,17,62468
IL,De Witt,17,61727
IL,DeKalb,17,60111
IL,Douglas,17,61919
IL,DuPage,17,60101
IL,Edgar,17,61924
IL,Edwards,17,62806
IL,Effingham,17,62473
IL,Fayette,17,62418
IL,Ford,17,60933
IL,Franklin,17,62812
IL,Fulton,17,61427
IL,Gallatin,17,62871
IL,Greene,17,62016
IL,Grundy,17,60444
IL,Hamilton,17,62817
IL,Hancock,17,62313
IL,Hardin,17,62982
IL,Henderson,17,61418
IL,Henry,17,61234
IL,Iroquois,17,60911
IL,Jackson,17,62903
IL,Jasper,17,62432
IL,Jefferson,17,62816
IL,Jersey,17,62022
IL,Jo Daviess,17,61001
IL,Johnson,17,62967
IL,Kane,17,60110
IL,Kankakee,17,60901
IL,Kendall,17,60512
IL,Knox,17,61428
IL,LaSalle,17,60549
IL,Lake,17,60002
IL,Lawrence,17,62417
IL,Lee,17,60553
IL,Livingston,17,60460
IL,Logan,17,61751
IL,Macon,17,62521
IL,Macoupin,17,62009
IL,Madison,17,62001
IL,Marion,17,62807
IL,Marshall,17,61369
IL,Mason,17,61532
IL,Massac,17,62953
IL,McDonough,17,61422
IL,McHenry,17,60012
IL,McLean,17,61701
IL,Mercer,17,61231
IL,Monroe,17,62244
IL,Montgomery,17,62015
IL,Morgan,17,62631
IL,Ogle,17,61010
IL,Peoria,17,61517
IL,Perry,17,62238
IL,Piatt,17,61813
IL,Pike,17,62345
IL,Pope,17,62928
IL,Pulaski,17,62970
IL,Putnam,17,61327
IL,Randolph,17,62217
IL,Richland,17,62419
IL,Rock Island,17,61201
IL,Saline,17,62977
IL,Sangamon,17,62515
IL,Schuyler,17,61452
IL,Shelby,17,62438
IL,St. Clair,17,62203
IL,Stark,17,61426
IL,Stephenson,17,61018
IL,Tazewell,17,61534
IL,Union,17,62906
IL,Vermilion,17,60963
IL,Wabash,17,62410
IL,Warren,17,61417
IL,Washington,17,62848
IL,Wayne,17,62809
IL,White,17,62821
IL,Whiteside,17,61243
IL,Will,17,60403
IL,Williamson,17,62918
IL,Winnebago,17,61024
IL,Woodford,17,61516
IN,Adams,18,46711
IN,Allen,18,46741
IN,Bartholomew,18,47203
IN,Benton,18,47942
IN,Boone,18,46052
IN,Carroll,18,46913
IN,Cass,18,46950
IN,Clark,18,47111
IN,Clay,18,47846
IN,Clinton,18,46057
IN,Crawford,18,47123
IN,Daviess,18,47519
IN,DeKalb,18,46721
IN,Dearborn,18,47022
IN,Delaware,18,47303
IN,Dubois,18,47521
IN,Elkhart,18,46507
IN,Fountain,18,47949
IN,Franklin,18,47016
IN,Fulton,18,46975
IN,Gibson,18,47648
IN,Grant,18,46933
IN,Greene,18,47424
IN,Hamilton,18,46030
IN,Harrison,18,47110
IN,Hendricks,18,46122
IN,Henry,18,47362
IN,Howard,18,46902
IN,Jasper,18,46392
IN,Jay,18,47369
IN,Jefferson,18,47243
IN,Jennings,18,47223
IN,Johnson,18,46142
IN,Knox,18,47512
IN,Kosciusko,18,46510
IN,LaGrange,18,46565
IN,LaPorte,18,46346
IN,Lake,18,46303
IN,Lawrence,18,47421
IN,Madison,18,46013
IN,Marion,18,46107
IN,Martin,18,47522
IN,Monroe,18,47403
IN,Montgomery,18,47940
IN,Morgan,18,46157
IN,Newton,18,46349
IN,Noble,18,46701
IN,Orange,18,47454
IN,Owen,18,47431
IN,Parke,18,47832
IN,Perry,18,47514
IN,Pike,18,47598
IN,Porter,18,46301
IN,Posey,18,47620
IN,Putnam,18,46105
IN,Randolph,18,47340
IN,Ripley,18,47037
IN,Rush,18,46104
IN,Shelby,18,46110
IN,Spencer,18,47550
IN,St. Joseph,18,46544
IN,Starke,18,46534
IN,Steuben,18,46703
IN,Sullivan,18,47838
IN,Switzerland,18,47020
IN,Tippecanoe,18,47901
IN,Tipton,18,46072
IN,Union,18,47003
IN,Vanderburgh,18,47710
IN,Vermillion,18,47847
IN,Vigo,18,47803
IN,Wabash,18,46941
IN,Warren,18,47982
IN,Warrick,18,47610
IN,Washington,18,47120
IN,Wayne,18,47330
IN,Wells,18,46759
IN,White,18,47929
KS,Allen,20,66732
KS,Anderson,20,66032
KS,Atchison,20,66016
KS,Barber,20,67057
KS,Barton,20,67544
KS,Bourbon,20,66741
KS,Brown,20,66434
KS,Butler,20,67002
KS,Chase,20,66843
KS,Chautauqua,20,67355
KS,Cherokee,20,66713
KS,Cheyenne,20,67756
KS,Clark,20,67831
KS,Clay,20,67468
KS,Cloud,20,67417
KS,Coffey,20,66839
KS,Cowley,20,67005
KS,Crawford,20,66712
KS,Decatur,20,67643
KS,Dickinson,20,67431
KS,Doniphan,20,66008
KS,Douglas,20,66045
KS,Edwards,20,67552
KS,Elk,20,67345
KS,Ellis,20,67601
KS,Ellsworth,20,67454
KS,Finney,20,67851
KS,Ford,20,67801
KS,Franklin,20,66067
KS,Gove,20,67736
KS,Graham,20,67642
KS,Greeley,20,67879
KS,Greenwood,20,66863
KS,Hamilton,20,67836
KS,Harper,20,67003
KS,Harvey,20,67056
KS,Hodgeman,20,67849
KS,Jackson,20,66418
KS,Jefferson,20,66066
KS,Jewell,20,66936
KS,Johnson,20,66030
KS,Kearny,20,67860
KS,Kingman,20,67111
KS,Kiowa,20,67054
KS,Labette,20,67330
KS,Leavenworth,20,66020
KS,Lincoln,20,67423
KS,Linn,20,66056
KS,Logan,20,67747
KS,Lyon,20,66830
KS,Marion,20,66851
KS,Marshall,20,66406
KS,McPherson,20,67443
KS,Meade,20,67864
KS,Miami,20,66053
KS,Montgomery,20,67301
KS,Morris,20,66873
KS,Morton,20,67950
KS,Nemaha,20,66404
KS,Neosho,20,66733
KS,Ness,20,67515
KS,Norton,20,67622
KS,Osage,20,66414
KS,Osborne,20,67473
KS,Ottawa,20,67422
KS,Pawnee,20,67574
KS,Phillips,20,67621
KS,Pottawatomie,20,66535
KS,Pratt,20,67066
KS,Rawlins,20,67730
KS,Reno,20,67501
KS,Republic,20,66935
KS,Rice,20,67457
KS,Riley,20,66517
KS,Rooks,20,67669
KS,Rush,20,67520
KS,Russell,20,67626
KS,Sedgwick,20,67001
KS,Seward,20,67859
KS,Shawnee,20,66603
KS,Sheridan,20,67740
KS,Sherman,20,67733
KS,Smith,20,66932
KS,Stafford,20,67545
KS,Stevens,20,67951
KS,Sumner,20,67013
KS,Wabaunsee,20,66401
KS,Wallace,20,67762
KS,Washington,20,66943
KS,Wilson,20,66710
KS,Woodson,20,66761
KS,Wyandotte,20,66101
KY,Allen,21,42120
KY,Ballard,21,42024
KY,Barren,21,42130
KY,Bell,21,40813
KY,Boone,21,41005
KY,Boyle,21,40440
KY,Bracken,21,41002
KY,Breathitt,21,41390
KY,Breckinridge,21,40111
KY,Bullitt,21,40109
KY,Calloway,21,42020
KY,Campbell,21,41059
KY,Carroll,21,41008
KY,Carter,21,41146
KY,Casey,21,42516
KY,Christian,21,42223
KY,Clay,21,40941
KY,Clinton,21,42603
KY,Daviess,21,42303
KY,Edmonson,21,42163
KY,Fayette,21,40502
KY,Floyd,21,41601
KY,Fulton,21,38079
KY,Graves,21,42051
KY,Grayson,21,42762
KY,Greenup,21,41139
KY,Hardin,21,40160
KY,Harlan,21,40801
KY,Hart,21,42713
KY,Henderson,21,42451
KY,Henry,21,40007
KY,Hickman,21,42031
KY,Hopkins,21,42410
KY,Jackson,21,40481
KY,Jefferson,21,40202
KY,Johnson,21,41222
KY,Kenton,21,41011
KY,Knott,21,41740
KY,Knox,21,40903
KY,Laurel,21,40737
KY,Lawrence,21,41201
KY,Leslie,21,40816
KY,Letcher,21,40826
KY,Lewis,21,41135
KY,Livingston,21,42028
KY,Marion,21,40062
KY,Marshall,21,42044
KY,Martin,21,41203
KY,Mason,21,41056
KY,McCracken,21,42001
KY,McCreary,21,42635
KY,McLean,21,42350
KY,Meade,21,40104
KY,Menifee,21,40316
KY,Monroe,21,42140
KY,Montgomery,21,40334
KY,Morgan,21,41352
KY,Muhlenberg,21,42321
KY,Nelson,21,40020
KY,Ohio,21,42338
KY,Oldham,21,40010
KY,Perry,21,41719
KY,Pike,21,41512
KY,Powell,21,40376
KY,Pulaski,21,42503
KY,Rockcastle,21,40460
KY,Todd,21,42234
KY,Trigg,21,42211
KY,Union,21,42461
KY,Webster,21,42409
LA,Acadia,22,70516
LA,Allen,22,70638
LA,Ascension,22,70346
LA,Assumption,22,70372
LA,Avoyelles,22,71327
LA,Beauregard,22,70652
LA,Bienville,22,71008
LA,Bossier,22,71037
LA,Caddo,22,71007
LA,Calcasieu,22,70601
LA,Cameron,22,70631
LA,Catahoula,22,71425
LA,Claiborne,22,71040
LA,Concordia,22,71373
LA,De Soto,22,71030
LA,East Baton Rouge,22,70714
LA,East Carroll,22,71276
LA,East Feliciana,22,70730
LA,Evangeline,22,70524
LA,Grant,22,71407
LA,Iberia,22,70513
LA,Iberville,22,70721
LA,Jackson,22,71226
LA,Jefferson,22,70002
LA,Jefferson Davis,22,70581
LA,La Salle,22,71480
LA,Lafayette,22,70501
LA,Lafourche,22,70374
LA,Lincoln,22,71245
LA,Livingston,22,70711
LA,Madison,22,71282
LA,Morehouse,22,71223
LA,Natchitoches,22,71411
LA,Orleans,22,70112
LA,Ouachita,22,71201
LA,Plaquemines,22,70038
LA,Pointe Coupee,22,70732
LA,Rapides,22,71301
LA,Red River,22,71034
LA,Sabine,22,71406
LA,St. Bernard,22,70032
LA,St. Charles,22,70031
LA,St. James,22,70052
LA,St. John the Baptist,22,70076
LA,St. Landry,22,70541
LA,St. Mary,22,70342
LA,St. Tammany,22,70420
LA,Tangipahoa,22,70401
LA,Tensas,22,71357
LA,Terrebonne,22,70344
LA,Union,22,71241
LA,Vermilion,22,70510
LA,Vernon,22,70659
LA,Washington,22,70426
LA,Webster,22,71072
LA,West Baton Rouge,22,70710
LA,West Feliciana,22,70712
LA,Winn,22,71473
MA,Barnstable,25,02534
MA,Berkshire,25,01029
MA,Bristol,25,02048
MA,Dukes,25,02535
MA,Essex,25,01830
MA,Franklin,25,01054
MA,Hampden,25,01001
MA,Hampshire,25,01012
MA,Middlesex,25,01431
MA,Nantucket,25,02554
MA,Norfolk,25,02019
MA,Plymouth,25,02050
MA,Suffolk,25,02108
MA,Worcester,25,01005
MD,Allegany,24,21502
MD,Anne Arundel,24,20733
MD,Baltimore,24,21030
MD,Calvert,24,20676
MD,Caroline,24,21636
MD,Carroll,24,21157
MD,Cecil,24,21901
MD,Charles,24,20602
MD,Dorchester,24,21622
MD,Frederick,24,21701
MD,Garrett,24,21520
MD,Harford,24,21001
MD,Howard,24,21044
MD,Kent,24,21610
MD,Montgomery,24,20814
MD,Prince George's,24,20623
MD,Queen Anne's,24,21619
MD,Somerset,24,21817
MD,St. Mary's,24,20606
MD,Talbot,24,21612
MD,Washington,24,21711
MD,Wicomico,24,21801
MD,Worcester,24,21811
ME,Androscoggin,23,04210
ME,Aroostook,23,04471
ME,Cumberland,23,04003
ME,Franklin,23,04239
ME,Hancock,23,04408
ME,Kennebec,23,04259
ME,Knox,23,04563
ME,Lincoln,23,04353
ME,Oxford,23,03579
ME,Penobscot,23,04401
ME,Piscataquis,23,04414
ME,Sagadahoc,23,04008
ME,Somerset,23,04912
ME,Waldo,23,04438
ME,Washington,23,04413
ME,York,23,03901
MI,Alcona,26,48705
MI,Alger,26,49806
MI,Allegan,26,49070
MI,Alpena,26,49744
MI,Antrim,26,49611
MI,Arenac,26,48703
MI,Baraga,26,49908
MI,Barry,26,49046
MI,Bay,26,48611
MI,Benzie,26,49617
MI,Berrien,26,49085
MI,Branch,26,49028
MI,Calhoun,26,49014
MI,Cass,26,49031
MI,Charlevoix,26,49782
MI,Cheboygan,26,49705
MI,Chippewa,26,49710
MI,Clare,26,48625
MI,Clinton,26,48808
MI,Delta,26,49829
MI,Dickinson,26,49801
MI,Eaton,26,48876
MI,Emmet,26,49722
MI,Genesee,26,48437
MI,Gogebic,26,49911
MI,Grand Traverse,26,49637
MI,Gratiot,26,48801
MI,Hillsdale,26,49227
MI,Houghton,26,49905
MI,Huron,26,48413
MI,Ingham,26,48819
MI,Ionia,26,48846
MI,Iosco,26,48730
MI,Iron,26,49903
MI,Isabella,26,48878
MI,Jackson,26,49201
MI,Kalamazoo,26,49001
MI,Kalkaska,26,49646
MI,Kent,26,49301
MI,Keweenaw,26,49901
MI,Lake,26,49623
MI,Lapeer,26,48412
MI,Leelanau,26,49621
MI,Lenawee,26,49221
MI,Livingston,26,48114
MI,Luce,26,49868
MI,Mackinac,26,49719
MI,Macomb,26,48005
MI,Manistee,26,49614
MI,Marquette,26,49808
MI,Mason,26,49411
MI,Mecosta,26,49320
MI,Menominee,26,49812
MI,Midland,26,48640
MI,Missaukee,26,49651
MI,Monroe,26,48131
MI,Montcalm,26,48818
MI,Montmorency,26,49709
MI,Muskegon,26,49303
MI,Newaygo,26,49312
MI,Oakland,26,48009
MI,Oceana,26,49420
MI,Ogemaw,26,48635
MI,Ontonagon,26,49910
MI,Oscoda,26,48621
MI,Otsego,26,49735
MI,Ottawa,26,49401
MI,Presque Isle,26,49743
MI,Roscommon,26,48629
MI,Saginaw,26,48417
MI,Sanilac,26,48401
MI,Schoolcraft,26,49840
MI,Shiawassee,26,48414
MI,St. Clair,26,48001
MI,St. Joseph,26,49032
MI,Tuscola,26,48701
MI,Van Buren,26,49013
MI,Washtenaw,26,48103
MI,Wayne,26,48101
MI,Wexford,26,49618
MN,Aitkin,27,55760
MN,Anoka,27,55011
MN,Becker,27,56511
MN,Beltrami,27,56647
MN,Benton,27,56379
MN,Big Stone,27,56225
MN,Blue Earth,27,56010
MN,Carlton,27,55707
MN,Carver,27,55317
MN,Cass,27,56452
MN,Chippewa,27,56222
MN,Chisago,27,55012
MN,Clay,27,56529
MN,Cook,27,55604
MN,Cottonwood,27,56145
MN,Crow Wing,27,56425
MN,Dakota,27,55024
MN,Dodge,27,55927
MN,Douglas,27,56332
MN,Faribault,27,56014
MN,Fillmore,27,55922
MN,Freeborn,27,56007
MN,Goodhue,27,55026
MN,Grant,27,56311
MN,Hennepin,27,55111
MN,Houston,27,55919
MN,Hubbard,27,56458
MN,Isanti,27,55008
MN,Itasca,27,55709
MN,Jackson,27,51360
MN,Kanabec,27,55051
MN,Kandiyohi,27,56201
MN,Kittson,27,56728
MN,Koochiching,27,55772
MN,Lac qui Parle,27,56212
MN,Lake,27,55601
MN,Lake of the Woods,27,56686
MN,Le Sueur,27,56017
MN,Lincoln,27,56136
MN,Lyon,27,56157
MN,Mahnomen,27,56566
MN,Marshall,27,56713
MN,Martin,27,56031
MN,McLeod,27,55312
MN,Meeker,27,55355
MN,Mille Lacs,27,56359
MN,Morrison,27,56345
MN,Mower,27,55909
MN,Murray,27,56114
MN,Nobles,27,56117
MN,Norman,27,56510
MN,Olmsted,27,55901
MN,Otter Tail,27,56324
MN,Pine,27,55063
MN,Pipestone,27,56139
MN,Polk,27,56517
MN,Pope,27,56381
MN,Ramsey,27,55101
MN,Redwood,27,56224
MN,Renville,27,55310
MN,Rice,27,55019
MN,Rock,27,56116
MN,Roseau,27,56714
MN,Scott,27,55020
MN,Sherburne,27,55308
MN,Sibley,27,55307
MN,St. Louis,27,55702
MN,Stearns,27,56307
MN,Steele,27,55060
MN,Stevens,27,56235
MN,Swift,27,56249
MN,Todd,27,56347
MN,Traverse,27,56219
MN,Wabasha,27,55945
MN,Waseca,27,56091
MN,Washington,27,55001
MN,Watonwan,27,56060
MN,Wilkin,27,56520
MN,Winona,27,55925
MN,Wright,27,55301
MN,Yellow Medicine,27,56223
MO,Adair,29,63501
MO,Andrew,29,64436
MO,Atchison,29,51640
MO,Audrain,29,63345
MO,Barry,29,64874
MO,Barton,29,64769
MO,Bates,29,64722
MO,Benton,29,65325
MO,Bollinger,29,63662
MO,Boone,29,65255
MO,Buchanan,29,64401
MO,Butler,29,63932
MO,Caldwell,29,64650
MO,Callaway,29,63388
MO,Camden,29,65020
MO,Cape Girardeau,29,63701
MO,Carroll,29,64622
MO,Cass,29,64012
MO,Chariton,29,64660
MO,Christian,29,65620
MO,Clark,29,63430
MO,Clay,29,64060
MO,Clinton,29,64477
MO,Cole,29,65053
MO,Cooper,29,65068
MO,Crawford,29,65446
MO,Dade,29,65661
MO,Dallas,29,65590
MO,Daviess,29,64620
MO,DeKalb,29,64422
MO,Dent,29,65501
MO,Douglas,29,65768
MO,Dunklin,29,63821
MO,Franklin,29,63013
MO,Gentry,29,64402
MO,Greene,29,65802
MO,Grundy,29,64652
MO,Harrison,29,64424
MO,Henry,29,65323
MO,Hickory,29,65668
MO,Holt,29,64437
MO,Howard,29,65248
MO,Howell,29,65777
MO,Iron,29,63623
MO,Jackson,29,64014
MO,Jasper,29,64801
MO,Jefferson,29,63012
MO,Johnson,29,64019
MO,Knox,29,63464
MO,Lafayette,29,64001
MO,Lawrence,29,65707
MO,Lewis,29,63448
MO,Lincoln,29,63347
MO,Linn,29,64651
MO,Livingston,29,64601
MO,Macon,29,63530
MO,Maries,29,65443
MO,Marion,29,63461
MO,McDonald,29,64831
MO,Mercer,29,64661
MO,Miller,29,65064
MO,Moniteau,29,65050
MO,Monroe,29,65258
MO,Morgan,29,65329
MO,New Madrid,29,63860
MO,Newton,29,64844
MO,Nodaway,29,64431
MO,Oregon,29,65606
MO,Osage,29,65016
MO,Ozark,29,65618
MO,Pemiscot,29,63826
MO,Perry,29,63746
MO,Pettis,29,65301
MO,Phelps,29,65529
MO,Pike,29,63336
MO,Platte,29,64018
MO,Polk,29,65613
MO,Pulaski,29,65583
MO,Putnam,29,64655
MO,Ralls,29,63436
MO,Randolph,29,65239
MO,Ray,29,64084
MO,Reynolds,29,63633
MO,Ripley,29,63955
MO,Schuyler,29,63548
MO,Scotland,29,52542
MO,Scott,29,63736
MO,Shannon,29,65466
MO,Shelby,29,63434
MO,St. Charles,29,63367
MO,St. Clair,29,64763
MO,St. Francois,29,63601
MO,St. Louis,29,63011
MO,Ste. Genevieve,29,63670
MO,Stoddard,29,63825
MO,Stone,29,65611
MO,Sullivan,29,63545
MO,Taney,29,65627
MO,Texas,29,65444
MO,Vernon,29,64728
MO,Washington,29,63071
MO,Wayne,29,63934
MS,Alcorn,28,38834
MS,Amite,28,39645
MS,Attala,28,39067
MS,Benton,28,38647
MS,Bolivar,28,38725
MS,Calhoun,28,38915
MS,Carroll,28,38917
MS,Chickasaw,28,38851
MS,Choctaw,28,39735
MS,Clarke,28,39355
MS,Clay,28,39741
MS,Coahoma,28,38617
MS,Covington,28,39428
MS,DeSoto,28,38637
MS,Franklin,28,39630
MS,Greene,28,39451
MS,Hancock,28,39520
MS,Harrison,28,39501
MS,Hinds,28,39056
MS,Humphreys,28,39097
MS,Issaquena,28,38704
MS,Itawamba,28,38876
MS,Jackson,28,39553
MS,Jasper,28,39348
MS,Jefferson,28,39069
MS,Jones,28,39437
MS,Kemper,28,39328
MS,Lafayette,28,38655
MS,Lauderdale,28,39305
MS,Lawrence,28,39654
MS,Lee,28,38857
MS,Leflore,28,38941
MS,Lincoln,28,39629
MS,Lowndes,28,39702
MS,Madison,28,39157
MS,Marshall,28,38661
MS,Monroe,28,38821
MS,Montgomery,28,39747
MS,Newton,28,39327
MS,Panola,28,38620
MS,Pearl River,28,39470
MS,Perry,28,39423
MS,Pike,28,39635
MS,Prentiss,28,38859
MS,Quitman,28,38623
MS,Rankin,28,39208
MS,Scott,28,39359
MS,Sharkey,28,38721
MS,Simpson,28,39062
MS,Smith,28,39116
MS,Sunflower,28,38738
MS,Tallahatchie,28,38921
MS,Tippah,28,38674
MS,Tishomingo,28,38827
MS,Tunica,28,38664
MS,Union,28,38652
MS,Washington,28,38701
MS,Wayne,28,39322
MS,Webster,28,39737
MS,Winston,28,39339
MT,Beaverhead,30,59724
MT,Big Horn,30,59016
MT,Blaine,30,59523
MT,Broadwater,30,59643
MT,Carbon,30,59007
MT,Carter,30,57724
MT,Cascade,30,59401
MT,Chouteau,30,59420
MT,Custer,30,59338
MT,Daniels,30,59222
MT,Dawson,30,59315
MT,Deer Lodge,30,59756
MT,Fallon,30,59313
MT,Fergus,30,59441
MT,Flathead,30,59901
MT,Gallatin,30,59714
MT,Garfield,30,59077
MT,Glacier,30,59411
MT,Golden Valley,30,59074
MT,Granite,30,59837
MT,Hill,30,59501
MT,Jefferson,30,59632
MT,Judith Basin,30,59447
MT,Lake,30,59824
MT,Lewis and Clark,30,59633
MT,Liberty,30,59522
MT,Lincoln,30,59930
MT,Madison,30,59710
MT,McCone,30,59214
MT,Meagher,30,59642
MT,Mineral,30,59867
MT,Missoula,30,59801
MT,Park,30,59018
MT,Phillips,30,59537
MT,Pondera,30,59432
MT,Powder River,30,59062
MT,Powell,30,59731
MT,Ravalli,30,59827
MT,Richland,30,59217
MT,Roosevelt,30,59226
MT,Rosebud,30,59039
MT,Sanders,30,59848
MT,Sheridan,30,59211
MT,Silver Bow,30,59748
MT,Stillwater,30,59061
MT,Sweet Grass,30,59011
MT,Teton,30,59419
MT,Toole,30,59454
MT,Treasure,30,59076
MT,Valley,30,59230
MT,Wheatland,30,59036
MT,Yellowstone,30,59002
NC,Alamance,37,27253
NC,Alleghany,37,28675
NC,Anson,37,28007
NC,Ashe,37,28615
NC,Avery,37,28616
NC,Beaufort,37,27808
NC,Bertie,37,27957
NC,Bladen,37,28332
NC,Brunswick,37,28422
NC,Buncombe,37,28778
NC,Burke,37,28637
NC,Cabarrus,37,28025
NC,Caldwell,37,28638
NC,Carteret,37,28511
NC,Caswell,37,27212
NC,Catawba,37,28610
NC,Chatham,37,27207
NC,Clay,37,28909
NC,Cleveland,37,28073
NC,Columbus,37,28430
NC,Craven,37,28523
NC,Cumberland,37,28301
NC,Currituck,37,27916
NC,Dare,37,27915
NC,Duplin,37,28349
NC,Durham,37,27503
NC,Edgecombe,37,27864
NC,Forsyth,37,27051
NC,Franklin,37,27508
NC,Gaston,37,28016
NC,Gates,37,27926
NC,Granville,37,27509
NC,Guilford,37,27282
NC,Harnett,37,27521
NC,Haywood,37,28785
NC,Henderson,37,28726
NC,Hyde,37,27875
NC,Iredell,37,28166
NC,Jackson,37,28707
NC,Johnston,37,27527
NC,Jones,37,28573
NC,Lincoln,37,28080
NC,Macon,37,28775
NC,Martin,37,27841
NC,Mecklenburg,37,28134
NC,Moore,37,27376
NC,Nash,37,27804
NC,New Hanover,37,28403
NC,Northampton,37,27820
NC,Onslow,37,28460
NC,Orange,37,27231
NC,Pamlico,37,28510
NC,Pender,37,28425
NC,Person,37,27573
NC,Pitt,37,27858
NC,Polk,37,28722
NC,Randolph,37,27203
NC,Robeson,37,28340
NC,Rockingham,37,27048
NC,Rowan,37,28023
NC,Rutherford,37,28043
NC,Sampson,37,28328
NC,Scotland,37,28343
NC,Stanly,37,28001
NC,Stokes,37,27016
NC,Surry,37,27007
NC,Transylvania,37,28712
NC,Union,37,28079
NC,Vance,37,27536
NC,Wake,37,27511
NC,Warren,37,27551
NC,Washington,37,27970
NC,Watauga,37,28607
NC,Wayne,37,27531
NC,Wilkes,37,28635
NC,Wilson,37,27851
ND,Adams,38,58639
ND,Barnes,38,58063
ND,Benson,38,58343
ND,Billings,38,58627
ND,Bottineau,38,58318
ND,Burke,38,58727
ND,Burleigh,38,58477
ND,Cass,38,58002
ND,Cavalier,38,58239
ND,Dickey,38,58436
ND,Divide,38,58730
ND,Dunn,38,58626
ND,Emmons,38,57648
ND,Foster,38,58443
ND,Golden Valley,38,58621
ND,Grand Forks,38,58201
ND,Grant,38,58533
ND,Griggs,38,58416
ND,Kidder,38,58428
ND,LaMoure,38,58415
ND,Logan,38,58561
ND,McHenry,38,58712
ND,McIntosh,38,58581
ND,McKenzie,38,58831
ND,McLean,38,58531
ND,Mercer,38,58541
ND,Morton,38,58566
ND,Mountrail,38,58769
ND,Nelson,38,58224
ND,Oliver,38,58530
ND,Pembina,38,58216
ND,Ramsey,38,58327
ND,Ransom,38,58033
ND,Renville,38,58787
ND,Richland,38,58008
ND,Rolette,38,58316
ND,Sargent,38,58013
ND,Sheridan,38,58430
ND,Sioux,38,57642
ND,Stark,38,58655
ND,Steele,38,58230
ND,Stutsman,38,58401
ND,Towner,38,58317
ND,Traill,38,58009
ND,Walsh,38,58210
ND,Ward,38,58701
ND,Wells,38,58422
ND,Williams,38,58849
NE,Adams,31,68925
NE,Antelope,31,68720
NE,Arthur,31,69121
NE,Banner,31,69345
NE,Blaine,31,68821
NE,Boone,31,68620
NE,Boyd,31,68719
NE,Buffalo,31,68812
NE,Burt,31,51557
NE,Butler,31,68001
NE,Cass,31,68058
NE,Cedar,31,57078
NE,Chase,31,69023
NE,Cherry,31,69135
NE,Cheyenne,31,69141
NE,Clay,31,68452
NE,Colfax,31,68659
NE,Cuming,31,68004
NE,Custer,31,68814
NE,Dakota,31,68030
NE,Dawes,31,69367
NE,Dawson,31,69171
NE,Deuel,31,69129
NE,Dixon,31,68710
NE,Dodge,31,68057
NE,Douglas,31,68010
NE,Dundy,31,69021
NE,Fillmore,31,68361
NE,Franklin,31,68929
NE,Frontier,31,69042
NE,Furnas,31,68926
NE,Gage,31,68309
NE,Garden,31,69154
NE,Gosper,31,68976
NE,Greeley,31,68842
NE,Hall,31,68803
NE,Hamilton,31,68841
NE,Harlan,31,68920
NE,Hitchcock,31,69044
NE,Holt,31,68711
NE,Howard,31,68831
NE,Jefferson,31,68338
NE,Johnson,31,68332
NE,Kearney,31,68959
NE,Keith,31,69144
NE,Keya Paha,31,68778
NE,Knox,31,68718
NE,Lancaster,31,68336
NE,Lincoln,31,69123
NE,Loup,31,68879
NE,Madison,31,68715
NE,McPherson,31,69167
NE,Merrick,31,68816
NE,Morrill,31,69125
NE,Nance,31,68623
NE,Nemaha,31,68305
NE,Nuckolls,31,68961
NE,Otoe,31,68344
NE,Pawnee,31,66541
NE,Perkins,31,69140
NE,Phelps,31,68958
NE,Pierce,31,68747
NE,Platte,31,68647
NE,Polk,31,68651
NE,Red Willow,31,69026
NE,Richardson,31,68337
NE,Rock,31,68714
NE,Sarpy,31,68005
NE,Saunders,31,68018
NE,Scotts Bluff,31,69352
NE,Seward,31,68313
NE,Sheridan,31,69335
NE,Sherman,31,68852
NE,Sioux,31,69346
NE,Stanton,31,68768
NE,Thayer,31,68303
NE,Thomas,31,69142
NE,Thurston,31,68039
NE,Valley,31,68837
NE,Washington,31,68008
NE,Wayne,31,68723
NE,Webster,31,68952
NE,Wheeler,31,68622
NE,York,31,68319
NH,Belknap,33,03218
NH,Carroll,33,03254
NH,Cheshire,33,03431
NH,Coos,33,03570
NH,Grafton,33,03217
NH,Hillsborough,33,03031
NH,Merrimack,33,03046
NH,Rockingham,33,03034
NH,Strafford,33,03820
NH,Sullivan,33,03280
NJ,Atlantic,34,08201
NJ,Bergen,34,07010
NJ,Burlington,34,08010
NJ,Camden,34,08007
NJ,Cape May,34,08202
NJ,Cumberland,34,08311
NJ,Essex,34,07003
NJ,Gloucester,34,08014
NJ,Hudson,34,07002
NJ,Hunterdon,34,08551
NJ,Mercer,34,08534
NJ,Middlesex,34,07064
NJ,Monmouth,34,07701
NJ,Morris,34,07005
NJ,Ocean,34,08005
NJ,Passaic,34,07012
NJ,Salem,34,08001
NJ,Somerset,34,07977
NJ,Sussex,34,07416
NJ,Union,34,07016
NJ,Warren,34,07820
NM,Bernalillo,35,87059
NM,Catron,35,87820
NM,Chaves,35,88201
NM,Cibola,35,87005
NM,Colfax,35,87714
NM,Curry,35,88101
NM,De Baca,35,88134
NM,Do�a Ana,35,87937
NM,Eddy,35,88210
NM,Grant,35,88022
NM,Guadalupe,35,87724
NM,Harding,35,87733
NM,Hidalgo,35,88009
NM,Lea,35,88114
NM,Lincoln,35,88312
NM,Luna,35,88029
NM,McKinley,35,86504
NM,Mora,35,87722
NM,Otero,35,79837
NM,Quay,35,88121
NM,Rio Arriba,35,87012
NM,Roosevelt,35,88113
NM,San Juan,35,87037
NM,San Miguel,35,87538
NM,Sandoval,35,87004
NM,Santa Fe,35,87010
NM,Sierra,35,87901
NM,Socorro,35,87028
NM,Taos,35,87513
NM,Torrance,35,87016
NM,Union,35,88418
NM,Valencia,35,87002
NV,Clark,32,89002
NV,Douglas,32,89410
NV,Elko,32,89801
NV,Esmeralda,32,89047
NV,Humboldt,32,89404
NV,Lincoln,32,89008
NV,Lyon,32,89429
NV,Mineral,32,89415
NV,Nye,32,89003
NV,Pershing,32,89418
NV,Washoe,32,89402
NV,White Pine,32,89301
NY,Albany,36,12009
NY,Allegany,36,14707
NY,Bronx,36,10451
NY,Broome,36,13744
NY,Cattaraugus,36,14041
NY,Cayuga,36,13021
NY,Chautauqua,36,14048
NY,Chemung,36,14816
NY,Chenango,36,13124
NY,Clinton,36,12901
NY,Columbia,36,12017
NY,Cortland,36,13101
NY,Delaware,36,12421
NY,Dutchess,36,12501
NY,Erie,36,14006
NY,Essex,36,12851
NY,Franklin,36,12917
NY,Fulton,36,12078
NY,Genesee,36,14005
NY,Greene,36,12015
NY,Hamilton,36,12108
NY,Herkimer,36,13324
NY,Jefferson,36,13602
NY,Kings,36,11203
NY,Lewis,36,13312
NY,Livingston,36,14435
NY,Madison,36,13061
NY,Monroe,36,14445
NY,Montgomery,36,12069
NY,Nassau,36,11010
NY,New York,36,10001
NY,Niagara,36,14008
NY,Oneida,36,13123
NY,Onondaga,36,13027
NY,Ontario,36,14424
NY,Orange,36,10910
NY,Orleans,36,14098
NY,Oswego,36,13028
NY,Otsego,36,13315
NY,Putnam,36,10509
NY,Queens,36,11103
NY,Rensselaer,36,12018
NY,Richmond,36,10301
NY,Rockland,36,10901
NY,Saratoga,36,12020
NY,Schenectady,36,12150
NY,Schoharie,36,12035
NY,Schuyler,36,14818
NY,Seneca,36,14521
NY,St. Lawrence,36,12922
NY,Steuben,36,14801
NY,Suffolk,36,06390
NY,Sullivan,36,12701
NY,Tioga,36,13734
NY,Tompkins,36,13068
NY,Ulster,36,12401
NY,Warren,36,12810
NY,Washington,36,12809
NY,Wayne,36,14505
NY,Westchester,36,10501
NY,Wyoming,36,14039
NY,Yates,36,14478
OH,Adams,39,45650
OH,Allen,39,45801
OH,Ashland,39,44840
OH,Ashtabula,39,44003
OH,Athens,39,45761
OH,Auglaize,39,45885
OH,Belmont,39,43713
OH,Brown,39,45101
OH,Butler,39,45011
OH,Carroll,39,44607
OH,Champaign,39,43009
OH,Clark,39,45323
OH,Clermont,39,45102
OH,Clinton,39,45146
OH,Columbiana,39,43920
OH,Coshocton,39,43811
OH,Crawford,39,44820
OH,Cuyahoga,39,44017
OH,Darke,39,45303
OH,Defiance,39,43519
OH,Delaware,39,43021
OH,Erie,39,43438
OH,Fairfield,39,43105
OH,Fayette,39,43106
OH,Franklin,39,43054
OH,Fulton,39,43515
OH,Gallia,39,45614
OH,Geauga,39,44021
OH,Greene,39,45305
OH,Guernsey,39,43723
OH,Hamilton,39,45001
OH,Hancock,39,44804
OH,Hardin,39,43326
OH,Harrison,39,44693
OH,Henry,39,43523
OH,Highland,39,45155
OH,Hocking,39,43144
OH,Holmes,39,44633
OH,Huron,39,44855
OH,Jackson,39,45640
OH,Jefferson,39,43913
OH,Knox,39,43005
OH,Lake,39,44045
OH,Lawrence,39,45619
OH,Licking,39,43001
OH,Logan,39,43311
OH,Lorain,39,44001
OH,Lucas,39,43504
OH,Mahoning,39,44405
OH,Marion,39,43341
OH,Medina,39,44215
OH,Meigs,39,45743
OH,Mercer,39,45822
OH,Miami,39,45326
OH,Monroe,39,43754
OH,Montgomery,39,45315
OH,Morgan,39,43756
OH,Morrow,39,43317
OH,Muskingum,39,43701
OH,Noble,39,43779
OH,Ottawa,39,43408
OH,Paulding,39,45821
OH,Perry,39,43730
OH,Pickaway,39,43103
OH,Pike,39,45646
OH,Portage,39,44240
OH,Preble,39,45311
OH,Putnam,39,45853
OH,Richland,39,44902
OH,Ross,39,45617
OH,Sandusky,39,43420
OH,Scioto,39,45636
OH,Seneca,39,44815
OH,Shelby,39,45302
OH,Stark,39,44613
OH,Summit,39,44056
OH,Trumbull,39,44402
OH,Tuscarawas,39,43840
OH,Van Wert,39,45863
OH,Vinton,39,45651
OH,Warren,39,45034
OH,Washington,39,45714
OH,Wayne,39,44276
OH,Williams,39,43501
OH,Wood,39,43413
OH,Wyandot,39,43351
OK,Adair,40,74965
OK,Alfalfa,40,73719
OK,Atoka,40,74525
OK,Beaver,40,73931
OK,Beckham,40,73645
OK,Blaine,40,73043
OK,Bryan,40,74720
OK,Caddo,40,73005
OK,Canadian,40,73014
OK,Carter,40,73437
OK,Cherokee,40,74427
OK,Choctaw,40,74738
OK,Cimarron,40,73933
OK,Cleveland,40,73026
OK,Coal,40,74534
OK,Comanche,40,73501
OK,Cotton,40,73531
OK,Craig,40,74349
OK,Creek,40,74028
OK,Custer,40,73620
OK,Delaware,40,74338
OK,Dewey,40,73659
OK,Ellis,40,73858
OK,Garfield,40,73701
OK,Garvin,40,73433
OK,Grady,40,73002
OK,Grant,40,73759
OK,Harmon,40,73550
OK,Harper,40,73834
OK,Hughes,40,74827
OK,Jackson,40,73521
OK,Jefferson,40,73520
OK,Johnston,40,73447
OK,Kay,40,74631
OK,Kingfisher,40,73734
OK,Le Flore,40,74577
OK,Lincoln,40,74026
OK,Logan,40,73044
OK,Love,40,73430
OK,Major,40,73747
OK,Marshall,40,73440
OK,Mayes,40,74330
OK,McCurtain,40,74722
OK,McIntosh,40,74426
OK,Murray,40,73032
OK,Muskogee,40,74401
OK,Noble,40,73077
OK,Nowata,40,74027
OK,Okfuskee,40,74833
OK,Oklahoma,40,73003
OK,Okmulgee,40,74421
OK,Osage,40,74001
OK,Ottawa,40,74339
OK,Pawnee,40,74034
OK,Payne,40,74062
OK,Pittsburg,40,74425
OK,Pontotoc,40,74842
OK,Pottawatomie,40,74801
OK,Pushmataha,40,74521
OK,Roger Mills,40,73628
OK,Rogers,40,74017
OK,Seminole,40,74830
OK,Sequoyah,40,74945
OK,Stephens,40,73491
OK,Texas,40,67950
OK,Tillman,40,73530
OK,Tulsa,40,74012
OK,Wagoner,40,74446
OK,Washington,40,74006
OK,Washita,40,73024
OK,Woods,40,73731
OK,Woodward,40,73852
OR,Baker,41,97834
OR,Clackamas,41,97004
OR,Clatsop,41,97103
OR,Columbia,41,97018
OR,Coos,41,97411
OR,Crook,41,97752
OR,Curry,41,97415
OR,Deschutes,41,97702
OR,Douglas,41,97416
OR,Grant,41,97820
OR,Harney,41,97720
OR,Hood River,41,97031
OR,Jackson,41,97501
OR,Jefferson,41,97730
OR,Josephine,41,97523
OR,Klamath,41,97601
OR,Lake,41,97620
OR,Lane,41,97401
OR,Lincoln,41,97341
OR,Linn,41,97327
OR,Malheur,41,89421
OR,Marion,41,97020
OR,Morrow,41,97818
OR,Multnomah,41,97024
OR,Polk,41,97338
OR,Tillamook,41,97107
OR,Umatilla,41,97801
OR,Union,41,97827
OR,Wallowa,41,97828
OR,Wasco,41,97040
OR,Washington,41,97005
OR,Wheeler,41,97750
OR,Yamhill,41,97111
PA,Adams,42,17320
PA,Allegheny,42,15024
PA,Armstrong,42,15686
PA,Beaver,42,15009
PA,Bedford,42,15522
PA,Berks,42,18056
PA,Blair,42,16601
PA,Bradford,42,16925
PA,Bucks,42,18081
PA,Butler,42,16001
PA,Cambria,42,15722
PA,Cameron,42,15861
PA,Carbon,42,18235
PA,Centre,42,16677
PA,Chester,42,19301
PA,Clarion,42,16054
PA,Clearfield,42,15721
PA,Clinton,42,17747
PA,Columbia,42,17859
PA,Crawford,42,16111
PA,Cumberland,42,17007
PA,Dauphin,42,17030
PA,Delaware,42,19008
PA,Elk,42,15821
PA,Erie,42,16410
PA,Fayette,42,15401
PA,Forest,42,16321
PA,Franklin,42,17201
PA,Fulton,42,15536
PA,Greene,42,15310
PA,Huntingdon,42,16621
PA,Indiana,42,15701
PA,Jefferson,42,15711
PA,Juniata,42,17049
PA,Lackawanna,42,18403
PA,Lancaster,42,17501
PA,Lawrence,42,16101
PA,Lebanon,42,17003
PA,Lehigh,42,18031
PA,Luzerne,42,18221
PA,Lycoming,42,17702
PA,McKean,42,16724
PA,Mercer,42,16113
PA,Mifflin,42,17004
PA,Monroe,42,18301
PA,Montgomery,42,18074
PA,Northampton,42,18020
PA,Northumberland,42,17834
PA,Perry,42,17024
PA,Philadelphia,42,19102
PA,Pike,42,18328
PA,Potter,42,16746
PA,Schuylkill,42,17901
PA,Snyder,42,17812
PA,Somerset,42,15502
PA,Sullivan,42,17731
PA,Susquehanna,42,18413
PA,Tioga,42,16901
PA,Union,42,17837
PA,Venango,42,16301
PA,Warren,42,16313
PA,Washington,42,15021
PA,Wayne,42,18415
PA,Westmoreland,42,15601
PA,Wyoming,42,18657
PA,York,42,17313
RI,Bristol,44,02885
RI,Kent,44,02816
RI,Newport,44,02835
RI,Providence,44,02802
RI,Washington,44,02804
SC,Abbeville,45,29639
SC,Aiken,45,29164
SC,Allendale,45,29827
SC,Anderson,45,29621
SC,Bamberg,45,29003
SC,Barnwell,45,29826
SC,Beaufort,45,29902
SC,Berkeley,45,29431
SC,Charleston,45,29401
SC,Cherokee,45,29341
SC,Chester,45,29729
SC,Chesterfield,45,29584
SC,Colleton,45,29082
SC,Darlington,45,29532
SC,Dillon,45,29536
SC,Fairfield,45,29015
SC,Florence,45,29505
SC,Greenville,45,29601
SC,Hampton,45,29918
SC,Horry,45,29511
SC,Jasper,45,29943
SC,Kershaw,45,29175
SC,Laurens,45,29351
SC,Lee,45,29046
SC,Lexington,45,29054
SC,Marion,45,29519
SC,Marlboro,45,29516
SC,McCormick,45,29840
SC,Newberry,45,29108
SC,Oconee,45,29658
SC,Orangeburg,45,29039
SC,Pickens,45,29671
SC,Richland,45,29203
SC,Saluda,45,29166
SC,Spartanburg,45,29301
SC,Sumter,45,29150
SC,Union,45,29321
SC,Williamsburg,45,29518
SC,York,45,29708
SD,Aurora,46,57368
SD,Beadle,46,57350
SD,Bennett,46,57551
SD,Bon Homme,46,57062
SD,Brookings,46,57220
SD,Brown,46,57401
SD,Buffalo,46,57341
SD,Butte,46,57762
SD,Campbell,46,57632
SD,Charles Mix,46,57356
SD,Clark,46,57217
SD,Clay,46,57069
SD,Corson,46,57621
SD,Custer,46,57773
SD,Day,46,57219
SD,Deuel,46,57218
SD,Dewey,46,57630
SD,Douglas,46,57328
SD,Edmunds,46,57471
SD,Fall River,46,57763
SD,Faulk,46,57438
SD,Grant,46,57251
SD,Gregory,46,57538
SD,Hamlin,46,57241
SD,Hand,46,57362
SD,Hanson,46,57311
SD,Harding,46,57650
SD,Hutchinson,46,57052
SD,Hyde,46,57345
SD,Jackson,46,57543
SD,Kingsbury,46,57051
SD,Lake,46,57016
SD,Lawrence,46,57732
SD,Lincoln,46,57013
SD,Marshall,46,57232
SD,McCook,46,57012
SD,McPherson,46,57457
SD,Meade,46,57706
SD,Miner,46,57349
SD,Minnehaha,46,57003
SD,Moody,46,57017
SD,Pennington,46,57703
SD,Perkins,46,57620
SD,Potter,46,57455
SD,Roberts,46,56219
SD,Sanborn,46,57314
SD,Shannon,46,57756
SD,Spink,46,57429
SD,Stanley,46,57537
SD,Sully,46,57520
SD,Todd,46,57555
SD,Tripp,46,57528
SD,Turner,46,57015
SD,Union,46,51001
SD,Walworth,46,57420
SD,Yankton,46,57040
SD,Ziebach,46,57623
TN,Anderson,47,37716
TN,Bedford,47,37180
TN,Blount,47,37701
TN,Campbell,47,37762
TN,Carroll,47,38235
TN,Carter,47,37658
TN,Chester,47,38347
TN,Claiborne,47,37724
TN,Clay,47,38575
TN,Cocke,47,37727
TN,Coffee,47,37355
TN,Crockett,47,38050
TN,Cumberland,47,37723
TN,Davidson,47,37115
TN,DeKalb,47,37059
TN,Dickson,47,37029
TN,Dyer,47,38007
TN,Fayette,47,38046
TN,Fentress,47,38565
TN,Franklin,47,37318
TN,Gibson,47,38330
TN,Giles,47,38460
TN,Greene,47,37616
TN,Grundy,47,37305
TN,Hamilton,47,37341
TN,Hancock,47,37765
TN,Hardeman,47,38008
TN,Hardin,47,38326
TN,Hawkins,47,37645
TN,Haywood,47,38012
TN,Henry,47,38231
TN,Hickman,47,37098
TN,Jackson,47,38562
TN,Jefferson,47,37760
TN,Johnson,47,37680
TN,Knox,47,37902
TN,Lawrence,47,38457
TN,Lincoln,47,37348
TN,Macon,47,37083
TN,Madison,47,38362
TN,Marion,47,37340
TN,Marshall,47,37019
TN,Maury,47,38482
TN,McMinn,47,37331
TN,McNairy,47,38339
TN,Montgomery,47,37040
TN,Obion,47,38253
TN,Overton,47,38542
TN,Perry,47,37096
TN,Polk,47,37317
TN,Robertson,47,37032
TN,Rutherford,47,37127
TN,Scott,47,37755
TN,Sevier,47,37863
TN,Shelby,47,38016
TN,Smith,47,37151
TN,Stewart,47,37023
TN,Sullivan,47,37617
TN,Tipton,47,38023
TN,Unicoi,47,37657
TN,Washington,47,37690
TN,Wayne,47,38450
TN,Weakley,47,38225
TN,Williamson,47,37067
TX,Anderson,48,75853
TX,Archer,48,76351
TX,Armstrong,48,79019
TX,Atascosa,48,78011
TX,Austin,48,78931
TX,Bailey,48,79324
TX,Bandera,48,78063
TX,Bastrop,48,78602
TX,Bee,48,78104
TX,Bell,48,76502
TX,Bexar,48,78002
TX,Blanco,48,78635
TX,Borden,48,79738
TX,Bosque,48,76665
TX,Bowie,48,75503
TX,Brazoria,48,77486
TX,Brazos,48,77801
TX,Brewster,48,79830
TX,Briscoe,48,79257
TX,Brooks,48,78353
TX,Brown,48,76802
TX,Burleson,48,77878
TX,Burnet,48,78605
TX,Caldwell,48,78644
TX,Calhoun,48,77982
TX,Callahan,48,76469
TX,Cameron,48,78520
TX,Carson,48,79068
TX,Cass,48,75556
TX,Castro,48,79027
TX,Chambers,48,77514
TX,Clay,48,76357
TX,Cochran,48,79314
TX,Coke,48,76949
TX,Coleman,48,76834
TX,Collin,48,75002
TX,Collingsworth,48,79095
TX,Colorado,48,77412
TX,Comal,48,78132
TX,Comanche,48,76444
TX,Cooke,48,76238
TX,Coryell,48,76596
TX,Crockett,48,79942
TX,Crosby,48,79322
TX,Culberson,48,88220
TX,Dallam,48,79051
TX,Dallas,48,75001
TX,Dawson,48,79377
TX,Delta,48,75415
TX,Denton,48,75010
TX,Dickens,48,79229
TX,Dimmit,48,78827
TX,Donley,48,79237
TX,Duval,48,78341
TX,Eastland,48,76435
TX,Ector,48,79741
TX,El Paso,48,79821
TX,Ellis,48,75152
TX,Erath,48,76401
TX,Falls,48,76632
TX,Fannin,48,75413
TX,Fayette,48,78949
TX,Fisher,48,79534
TX,Floyd,48,79231
TX,Fort Bend,48,77406
TX,Franklin,48,75480
TX,Freestone,48,75860
TX,Frio,48,78061
TX,Gaines,48,79342
TX,Galveston,48,77510
TX,Garza,48,79330
TX,Gillespie,48,78675
TX,Goliad,48,77960
TX,Gonzales,48,78159
TX,Gray,48,79054
TX,Grayson,48,75020
TX,Grimes,48,77830
TX,Guadalupe,48,78123
TX,Hale,48,79021
TX,Hall,48,79239
TX,Hamilton,48,76565
TX,Hardin,48,77374
TX,Harris,48,77002
TX,Harrison,48,75670
TX,Hartley,48,79044
TX,Haskell,48,76388
TX,Hays,48,78619
TX,Henderson,48,75156
TX,Hidalgo,48,78501
TX,Hill,48,76055
TX,Hockley,48,79336
TX,Hood,48,76476
TX,Hopkins,48,75420
TX,Houston,48,75849
TX,Hudspeth,48,79837
TX,Hunt,48,75135
TX,Hutchinson,48,79007
TX,Irion,48,76930
TX,Jack,48,76427
TX,Jackson,48,77970
TX,Jeff Davis,48,79734
TX,Jefferson,48,77619
TX,Jim Wells,48,78342
TX,Johnson,48,76009
TX,Jones,48,79501
TX,Karnes,48,78117
TX,Kaufman,48,75114
TX,Kenedy,48,78338
TX,Kerr,48,78010
TX,Kimble,48,76849
TX,King,48,79236
TX,Kinney,48,78832
TX,Kleberg,48,78363
TX,Knox,48,76363
TX,La Salle,48,78001
TX,Lamar,48,75411
TX,Lamb,48,79082
TX,Lavaca,48,77964
TX,Lee,48,78948
TX,Leon,48,75850
TX,Liberty,48,77327
TX,Limestone,48,76635
TX,Lipscomb,48,79024
TX,Live Oak,48,78022
TX,Llano,48,76831
TX,Loving,48,79754
TX,Lubbock,48,79329
TX,Lynn,48,79373
TX,Madison,48,77864
TX,Martin,48,79749
TX,Mason,48,76856
TX,Matagorda,48,77419
TX,Maverick,48,78852
TX,McCulloch,48,76887
TX,McLennan,48,76638
TX,McMullen,48,78072
TX,Medina,48,78016
TX,Menard,48,76848
TX,Midland,48,79701
TX,Milam,48,76518
TX,Mills,48,76870
TX,Mitchell,48,79565
TX,Montague,48,76251
TX,Montgomery,48,77301
TX,Moore,48,79013
TX,Motley,48,79234
TX,Nacogdoches,48,75788
TX,Navarro,48,75102
TX,Newton,48,75928
TX,Nolan,48,79535
TX,Nueces,48,78330
TX,Ochiltree,48,79033
TX,Oldham,48,88430
TX,Orange,48,77611
TX,Palo Pinto,48,76449
TX,Panola,48,75633
TX,Parker,48,76085
TX,Parmer,48,79009
TX,Polk,48,75934
TX,Potter,48,79012
TX,Presidio,48,79843
TX,Randall,48,79015
TX,Red River,48,75412
TX,Reeves,48,79718
TX,Robertson,48,77867
TX,Rockwall,48,75132
TX,Runnels,48,76821
TX,Rusk,48,75654
TX,Sabine,48,75968
TX,San Jacinto,48,77359
TX,San Patricio,48,78352
TX,Schleicher,48,76936
TX,Sherman,48,79084
TX,Smith,48,75701
TX,Somervell,48,76077
TX,Starr,48,78536
TX,Sterling,48,76951
TX,Stonewall,48,79502
TX,Tarrant,48,76001
TX,Taylor,48,79508
TX,Terry,48,79316
TX,Throckmorton,48,76483
TX,Titus,48,75493
TX,Tom Green,48,76903
TX,Travis,48,78645
TX,Trinity,48,75845
TX,Tyler,48,77624
TX,Upshur,48,75644
TX,Upton,48,79752
TX,Uvalde,48,78801
TX,Val Verde,48,78837
TX,Van Zandt,48,75103
TX,Victoria,48,77901
TX,Walker,48,77334
TX,Waller,48,77446
TX,Ward,48,79777
TX,Webb,48,78040
TX,Wharton,48,77436
TX,Wheeler,48,79061
TX,Wichita,48,76301
TX,Wilbarger,48,76364
TX,Willacy,48,78590
TX,Williamson,48,76530
TX,Wilson,48,78147
TX,Winkler,48,79789
TX,Wise,48,76073
TX,Wood,48,75783
TX,Yoakum,48,79355
TX,Young,48,76481
TX,Zapata,48,78067
TX,Zavala,48,78829
UT,Beaver,49,84731
UT,Box Elder,49,83312
UT,Cache,49,84308
UT,Carbon,49,84520
UT,Daggett,49,84023
UT,Davis,49,84010
UT,Duchesne,49,84001
UT,Emery,49,84513
UT,Garfield,49,84716
UT,Grand,49,84515
UT,Iron,49,84714
UT,Juab,49,84639
UT,Kane,49,84710
UT,Millard,49,84624
UT,Piute,49,84723
UT,Rich,49,84038
UT,Salt Lake,49,84047
UT,San Juan,49,81324
UT,Sanpete,49,84621
UT,Sevier,49,84620
UT,Summit,49,84017
UT,Tooele,49,84029
UT,Uintah,49,84026
UT,Utah,49,84005
UT,Wasatch,49,84032
UT,Washington,49,84722
UT,Wayne,49,84715
UT,Weber,49,84067
VA,Accomack,51,23301
VA,Albemarle,51,22911
VA,Alexandria,51,22301
VA,Alleghany,51,24474
VA,Appomattox,51,24593
VA,Arlington,51,22201
VA,Augusta,51,22843
VA,Bath,51,24412
VA,Bedford,51,24174
VA,Botetourt,51,24083
VA,Bristol,51,24201
VA,Brunswick,51,23821
VA,Buchanan,51,24603
VA,Campbell,51,24554
VA,Caroline,51,22427
VA,Carroll,51,24325
VA,Charlotte,51,23959
VA,Chesapeake,51,23320
VA,Chesterfield,51,23112
VA,Craig,51,24131
VA,Culpeper,51,22714
VA,Dickenson,51,24220
VA,Dinwiddie,51,23840
VA,Essex,51,22454
VA,Fairfax,51,20171
VA,Fauquier,51,20139
VA,Floyd,51,24072
VA,Fluvanna,51,22963
VA,Franklin,51,24092
VA,Frederick,51,22624
VA,Giles,51,24086
VA,Goochland,51,23063
VA,Grayson,51,24348
VA,Greensville,51,23879
VA,Halifax,51,24520
VA,Hampton,51,23651
VA,Hanover,51,23005
VA,Henrico,51,23060
VA,Henry,51,24078
VA,Highland,51,24413
VA,Isle of Wight,51,23487
VA,James City,51,23168
VA,King George,51,22448
VA,King and Queen,51,23161
VA,Lancaster,51,22480
VA,Lee,51,24243
VA,Loudoun,51,20129
VA,Lunenburg,51,23952
VA,Madison,51,22709
VA,Mathews,51,23021
VA,Mecklenburg,51,23915
VA,Middlesex,51,23043
VA,Montgomery,51,24073
VA,Nelson,51,22949
VA,New Kent,51,23141
VA,Newport News,51,23606
VA,Norfolk,51,23503
VA,Northampton,51,23307
VA,Northumberland,51,22432
VA,Orange,51,22433
VA,Patrick,51,24076
VA,Pittsylvania,51,24069
VA,Portsmouth,51,23701
VA,Prince William,51,20136
VA,Rappahannock,51,22747
VA,Richmond,51,22548
VA,Roanoke,51,24013
VA,Rockbridge,51,24415
VA,Rockingham,51,22811
VA,Russell,51,24224
VA,Scott,51,24245
VA,Shenandoah,51,22644
VA,Smyth,51,24311
VA,Southampton,51,23827
VA,Spotsylvania,51,22534
VA,Stafford,51,22554
VA,Suffolk,51,23436
VA,Surry,51,23846
VA,Sussex,51,23891
VA,Tazewell,51,24601
VA,Virginia Beach,51,23451
VA,Washington,51,24211
VA,Westmoreland,51,22488
VA,Wise,51,24293
VA,Wythe,51,24323
VA,York,51,23696
VT,Addison,50,05443
VT,Bennington,50,05201
VT,Caledonia,50,05042
VT,Chittenden,50,05401
VT,Essex,50,05858
VT,Franklin,50,05447
VT,Grand Isle,50,05440
VT,Lamoille,50,05442
VT,Orange,50,05033
VT,Orleans,50,05820
VT,Rutland,50,05701
VT,Washington,50,05602
VT,Windham,50,05101
VT,Windsor,50,05001
WA,Asotin,53,99401
WA,Benton,53,99320
WA,Chelan,53,98811
WA,Clallam,53,98305
WA,Clark,53,98604
WA,Columbia,53,99328
WA,Cowlitz,53,98625
WA,Douglas,53,98802
WA,Ferry,53,99118
WA,Franklin,53,99330
WA,Grant,53,98837
WA,Grays Harbor,53,98520
WA,Island,53,98236
WA,Jefferson,53,98320
WA,King,53,98001
WA,Kitsap,53,98110
WA,Kittitas,53,98926
WA,Klickitat,53,98602
WA,Lewis,53,98336
WA,Lincoln,53,99117
WA,Mason,53,98524
WA,Okanogan,53,98814
WA,Pacific,53,98527
WA,Pend Oreille,53,99119
WA,Pierce,53,98303
WA,San Juan,53,98222
WA,Skagit,53,98232
WA,Skamania,53,98639
WA,Snohomish,53,98012
WA,Spokane,53,99001
WA,Stevens,53,99034
WA,Thurston,53,98501
WA,Wahkiakum,53,98612
WA,Walla Walla,53,99323
WA,Whatcom,53,98220
WA,Whitman,53,99017
WA,Yakima,53,98902
WI,Adams,55,53936
WI,Ashland,55,54527
WI,Barron,55,54805
WI,Bayfield,55,54814
WI,Brown,55,54180
WI,Buffalo,55,54610
WI,Burnett,55,54845
WI,Calumet,55,54123
WI,Chippewa,55,54732
WI,Clark,55,54437
WI,Columbia,55,53955
WI,Crawford,55,53826
WI,Dane,55,53515
WI,Dodge,55,53032
WI,Door,55,54202
WI,Douglas,55,54836
WI,Dunn,55,54725
WI,Eau Claire,55,54720
WI,Florence,55,54121
WI,Fond du Lac,55,53019
WI,Forest,55,54511
WI,Grant,55,53804
WI,Green,55,53502
WI,Green Lake,55,54941
WI,Iowa,55,53506
WI,Iron,55,54534
WI,Jackson,55,54611
WI,Jefferson,55,53038
WI,Juneau,55,53950
WI,Kenosha,55,53104
WI,Kewaunee,55,54216
WI,La Crosse,55,54601
WI,Lafayette,55,53510
WI,Langlade,55,54418
WI,Lincoln,55,54442
WI,Manitowoc,55,53063
WI,Marathon,55,54401
WI,Marinette,55,54102
WI,Marquette,55,53953
WI,Menominee,55,54135
WI,Milwaukee,55,53110
WI,Monroe,55,54648
WI,Oconto,55,54101
WI,Oneida,55,54463
WI,Outagamie,55,54113
WI,Ozaukee,55,53024
WI,Pierce,55,54003
WI,Polk,55,54001
WI,Portage,55,54467
WI,Price,55,54515
WI,Racine,55,53404
WI,Richland,55,53581
WI,Rock,55,53505
WI,Rusk,55,54526
WI,Sauk,55,53577
WI,Sawyer,55,54828
WI,Shawano,55,54127
WI,Sheboygan,55,53001
WI,St. Croix,55,54002
WI,Taylor,55,54447
WI,Trempealeau,55,54773
WI,Vernon,55,54621
WI,Vilas,55,54512
WI,Walworth,55,53121
WI,Washburn,55,54875
WI,Washington,55,53002
WI,Waukesha,55,53007
WI,Waupaca,55,54949
WI,Waushara,55,54965
WI,Winnebago,55,54901
WI,Wood,55,54410
WV,Berkeley,54,25401
WV,Boone,54,25021
WV,Braxton,54,26601
WV,Brooke,54,26030
WV,Cabell,54,25537
WV,Calhoun,54,25261
WV,Clay,54,25030
WV,Fayette,54,25002
WV,Gilmer,54,26342
WV,Grant,54,26720
WV,Greenbrier,54,24901
WV,Hampshire,54,25431
WV,Hancock,54,26034
WV,Hardy,54,26801
WV,Harrison,54,26301
WV,Jackson,54,25262
WV,Jefferson,54,25414
WV,Kanawha,54,25015
WV,Lincoln,54,25540
WV,Logan,54,25076
WV,Marion,54,26571
WV,Marshall,54,26031
WV,Mason,54,25106
WV,McDowell,54,24604
WV,Mercer,54,24701
WV,Mineral,54,26753
WV,Mingo,54,25651
WV,Monongalia,54,26501
WV,Monroe,54,24945
WV,Nicholas,54,26202
WV,Ohio,54,26059
WV,Pendleton,54,26802
WV,Pleasants,54,26134
WV,Pocahontas,54,24915
WV,Preston,54,26410
WV,Putnam,54,25011
WV,Raleigh,54,25007
WV,Randolph,54,26230
WV,Ritchie,54,26327
WV,Roane,54,25005
WV,Summers,54,24935
WV,Taylor,54,26424
WV,Tucker,54,26269
WV,Tyler,54,26149
WV,Upshur,54,26228
WV,Wayne,54,25511
WV,Webster,54,26203
WV,Wirt,54,26160
WV,Wood,54,26101
WV,Wyoming,54,24719
WY,Albany,56,82051
WY,Big Horn,56,82410
WY,Campbell,56,82716
WY,Carbon,56,82321
WY,Crook,56,82710
WY,Fremont,56,82501
WY,Goshen,56,82212
WY,Hot Springs,56,82443
WY,Johnson,56,82640
WY,Laramie,56,82001
WY,Lincoln,56,83101
WY,Natrona,56,82601
WY,Niobrara,56,82222
WY,Park,56,82433
WY,Platte,56,82214
WY,Sheridan,56,82801
WY,Sublette,56,82922
WY,Sweetwater,56,82322
WY,Teton,56,83001
WY,Uinta,56,82930
WY,Weston,56,82723
